track_number,title
1,Angler Fish
2,Do Not Open
3,Across the Street
4,Page Turner
5,Thrown Away
6,Squirm
7,The Piper
8,Burned Out
9,A Father's Love
10,Vampire Killer
11,Dreamer
12,First Aid
13,Alone
14,Piecemeal
15,Lost John's Cave
16,Arachnophobia
17,The Bone Turner's Tale
18,The Man Upstairs
19,Confession I
20,Desecrated Host II
21,Freefall
22,Colony
23,Schwartzwald
24,Strange Music
25,Growing Dark
26,A Distortion
27,A Sturdy Lock
28,Skintight
29,Cheating Death
30,Killing Floor
31,First Hunt
32,Hive
33,Boatswain's Call
34,Anatomy Class
35,Old Passages
36,Taken Ill
37,Burnt Offering
38,Lost and Found
39,Infestation
40,Human Remains
41,Too Deep
42,Grifter's Bone
43,Section 31
44,Tightrope
45,Blood Bag
46,Literary Heights
47,The New Door
48,Lost in the Crowd
49,The Butcher's Window
50,Foundations
51,High Pressure
52,Exceptional Risk
53,Crusader
54,Still Life
55,Pest Control
56,Children of the Night
57,Personal Space
58,Trail Rations
59,Recluse
60,Observer Effect
61,Hard Shoulder
62,First Edition
63,The End of the Tunnel
64,Burial Rites
65,Binary
66,Held in Customs
67,Burning Desire
68,The Tale of the Field Hospital
69,Thought for the Day
70,Book of the Dead
71,Underground
72,Takeaway
73,Police Lights
74,Fatigue
75,A Long Way Down
76,The Smell of Blood
77,The Kind Mother
78,Distant Cousin
79,Hide and Seek
80,The Librarian
81,A Guest For Mr. Spider
82,The Eyewitnesses
83,Drawing A Blank
84,Possessive
85,Upon the Stair
86,Tucked In
87,The Uncanny Valley
88,Dig
89,Twice as Bright
90,Body Builder
91,The Coming Storm
92,Nothing Beside Remains
93,Contaminant
94,Dead Woman Walking
95,Absent Without Leave
96,Return to Sender
97,We all Ignore the Pit
98,Lights Out
99,Dust to Dust
100,I Guess You Had To Be There
101,Another Twist
102,Nesting Instinct
103,Cruelty Free
104,Sneak Preview
105,Total War
106,A Matter Of Perspective
107,Third Degree
108,Monologue
109,Nightfall
110,Creature Feature
111,Family Business
112,Thrill of the Chase
113,Breathing Room
114,Cracked Foundation
115,Taking Stock
116,The Show Must Go On
117,Testament
118,The Masquerade
119,Stranger and Stranger
120,Eye Contact
121,Far Away
122,Zombie
123,Web Development
124,Left Hanging
125,Civilian Casualties
126,Sculptor's Tool
127,Remains to be Seen
128,Heavy Goods
129,Submerged
130,Meat
131,Flesh
132,Entombed
133,Dead Horse
134,Time of Revelation
135,Dark Matter
136,The Puppeteer
137,Nemesis
138,The Architecture of Fear
139,Chosen
140,The Movement of the Heavens
141,Doomed Voyage
142,Scrutiny
143,Heart of Darkness
144,Decrypted
145,Infectious Doubts
146,Threshold
147,Weaver
148,Extended Surveillance
149,Concrete Jungle
150,Cul-De-Sac
151,Big Picture
152,A Gravedigger's Envy
153,Love Bombing
154,Bloody Mary
155,Cost of Living
156,Reflection
157,Rotten Core
158,Panopticon
159,The Last
160,The Eye Opens
161,Dwelling
162,A Cosy Cabin
163,In the Trenches
164,The Sick Village
165,Revolutions
166,The Worms
167,Curiosity
168,Roots
169,Fire Escape
170,Recollection
171,The Gardener
172,Strung Out
173,Night Night
174,The Great Beast
175,Epoch
176,Blood Ties
177,Wonderland
178,The Processing Line
179,Accomplice
180,Moving On
181,Ignorance
182,Wellbeing
183,Monument
184,Like Ants
185,Locked In
186,Quiet
187,Checking Out
188,Centre of Attention
189,Peers
190,Scavengers
191,What We Lose
192,An Appointment
193,A Stern Look
194,Parting
195,Adrift
196,This Old House
197,Connected
198,Precipice
199,Seeing it Through
200,Last Words
